{
    "_config_name": "views.view.node_admin_content",
    "name": "node_admin_content",
    "description": "Administrative listing for managing content.",
    "module": "node",
    "storage": 4,
    "tag": "default",
    "disabled": false,
    "base_table": "node",
    "human_name": "Administer content",
    "core": "1.0",
    "display": {
        "default": {
            "display_title": "Master",
            "display_plugin": "default",
            "display_options": {
                "query": {
                    "type": "views_query",
                    "options": []
                },
                "access": {
                    "type": "perm",
                    "perm": "access content overview"
                },
                "cache": {
                    "type": "none"
                },
                "exposed_form": {
                    "type": "basic",
                    "options": {
                        "submit_button": "Filter",
                        "reset_button": 0,
                        "reset_button_label": "Reset",
                        "exposed_sorts_label": "Sort by",
                        "expose_sort_order": 1,
                        "sort_asc_label": "Asc",
                        "sort_desc_label": "Desc",
                        "autosubmit": 0,
                        "autosubmit_hide": 1
                    }
                },
                "pager": {
                    "type": "full",
                    "options": {
                        "items_per_page": "50",
                        "offset": "0",
                        "id": "0",
                        "total_pages": "",
                        "quantity": "9",
                        "tags": {
                            "first": "« first",
                            "previous": "‹ previous",
                            "next": "next ›",
                            "last": "last »"
                        },
                        "expose": {
                            "items_per_page": 0,
                            "items_per_page_label": "Items per page",
                            "items_per_page_options": "5, 10, 20, 40, 60",
                            "items_per_page_options_all": 0,
                            "items_per_page_options_all_label": "- All -",
                            "offset": 0,
                            "offset_label": "Offset"
                        }
                    }
                },
                "style_plugin": "table",
                "row_plugin": "fields",
                "fields": {
                    "bulk_form": {
                        "id": "bulk_form",
                        "table": "node",
                        "field": "bulk_form",
                        "relationship": "none",
                        "group_type": "group",
                        "ui_name": "",
                        "label": "",
                        "exclude": 0,
                        "element_type": "",
                        "element_class": "",
                        "element_label_type": "",
                        "element_label_class": "",
                        "element_label_colon": false,
                        "element_wrapper_type": "",
                        "element_wrapper_class": "",
                        "element_default_classes": 0,
                        "empty": "",
                        "hide_empty": 0,
                        "empty_zero": 0,
                        "hide_alter_empty": 1,
                        "include_exclude": "exclude",
                        "selected_actions": []
                    },
                    "title": {
                        "id": "title",
                        "table": "node",
                        "field": "title",
                        "hide_empty": 0,
                        "empty_zero": 0,
                        "link_to_node": 1
                    },
                    "type": {
                        "id": "type",
                        "table": "node",
                        "field": "type",
                        "relationship": "none",
                        "group_type": "group",
                        "ui_name": "",
                        "label": "Content type",
                        "exclude": 0,
                        "element_type": "",
                        "element_class": "",
                        "element_label_type": "",
                        "element_label_class": "priority-medium",
                        "element_label_colon": 0,
                        "element_wrapper_type": "",
                        "element_wrapper_class": "",
                        "element_default_classes": 0,
                        "empty": "",
                        "hide_empty": 0,
                        "empty_zero": 0,
                        "hide_alter_empty": 1,
                        "link_to_node": 0,
                        "machine_name": 0
                    },
                    "name": {
                        "id": "name",
                        "table": "users",
                        "field": "name",
                        "relationship": "uid",
                        "group_type": "group",
                        "ui_name": "",
                        "label": "Name",
                        "exclude": 0,
                        "element_type": "",
                        "element_class": "",
                        "element_label_type": "",
                        "element_label_class": "priority-low",
                        "element_label_colon": 0,
                        "element_wrapper_type": "",
                        "element_wrapper_class": "",
                        "element_default_classes": 0,
                        "empty": "",
                        "hide_empty": 0,
                        "empty_zero": 0,
                        "hide_alter_empty": 1,
                        "link_to_user": 1,
                        "overwrite_anonymous": 0,
                        "anonymous_text": "",
                        "format_username": 1
                    },
                    "status": {
                        "id": "status",
                        "table": "node",
                        "field": "status",
                        "relationship": "none",
                        "group_type": "group",
                        "ui_name": "",
                        "label": "Status",
                        "exclude": 0,
                        "element_type": "",
                        "element_class": "",
                        "element_label_type": "",
                        "element_label_class": "",
                        "element_label_colon": 0,
                        "element_wrapper_type": "",
                        "element_wrapper_class": "",
                        "element_default_classes": 0,
                        "empty": "",
                        "hide_empty": 0,
                        "empty_zero": 0,
                        "hide_alter_empty": 1,
                        "type": "published-notpublished",
                        "type_custom_true": "",
                        "type_custom_false": "",
                        "not": 0
                    },
                    "changed": {
                        "id": "changed",
                        "table": "node",
                        "field": "changed",
                        "relationship": "none",
                        "group_type": "group",
                        "ui_name": "",
                        "label": "Updated",
                        "exclude": 0,
                        "element_type": "",
                        "element_class": "",
                        "element_label_type": "",
                        "element_label_class": "priority-low",
                        "element_label_colon": 0,
                        "element_wrapper_type": "",
                        "element_wrapper_class": "",
                        "element_default_classes": 0,
                        "empty": "",
                        "hide_empty": 0,
                        "empty_zero": 0,
                        "hide_alter_empty": 1,
                        "date_format": "short",
                        "custom_date_format": "",
                        "timezone": ""
                    },
                    "edit_node": {
                        "id": "edit_node",
                        "table": "views_entity_node",
                        "field": "edit_node",
                        "relationship": "none",
                        "group_type": "group",
                        "ui_name": "",
                        "label": "",
                        "exclude": 1,
                        "element_type": "",
                        "element_class": "",
                        "element_label_type": "",
                        "element_label_class": "",
                        "element_label_colon": false,
                        "element_wrapper_type": "",
                        "element_wrapper_class": "",
                        "element_default_classes": 0,
                        "empty": "",
                        "hide_empty": 0,
                        "empty_zero": 0,
                        "hide_alter_empty": 1,
                        "text": ""
                    },
                    "delete_node": {
                        "id": "delete_node",
                        "table": "views_entity_node",
                        "field": "delete_node",
                        "relationship": "none",
                        "group_type": "group",
                        "ui_name": "",
                        "label": "",
                        "exclude": 1,
                        "element_type": "",
                        "element_class": "",
                        "element_label_type": "",
                        "element_label_class": "",
                        "element_label_colon": false,
                        "element_wrapper_type": "",
                        "element_wrapper_class": "",
                        "element_default_classes": 0,
                        "empty": "",
                        "hide_empty": 0,
                        "empty_zero": 0,
                        "hide_alter_empty": 1,
                        "text": ""
                    },
                    "dropbutton": {
                        "id": "dropbutton",
                        "table": "views",
                        "field": "dropbutton",
                        "relationship": "none",
                        "group_type": "group",
                        "ui_name": "",
                        "label": "Operations",
                        "exclude": 0,
                        "element_type": "",
                        "element_class": "",
                        "element_label_type": "",
                        "element_label_class": "",
                        "element_label_colon": 0,
                        "element_wrapper_type": "",
                        "element_wrapper_class": "",
                        "element_default_classes": 0,
                        "empty": "",
                        "hide_empty": 0,
                        "empty_zero": 0,
                        "hide_alter_empty": 1,
                        "fields": {
                            "edit_node": "edit_node",
                            "delete_node": "delete_node"
                        },
                        "destination": 1
                    }
                },
                "filters": {
                    "status": {
                        "id": "status",
                        "table": "node",
                        "field": "status",
                        "relationship": "none",
                        "group_type": "group",
                        "ui_name": "",
                        "operator": "=",
                        "value": "All",
                        "group": 1,
                        "exposed": true,
                        "expose": {
                            "operator_id": "",
                            "label": "Published",
                            "description": "",
                            "use_operator": false,
                            "operator": "status_op",
                            "identifier": "status",
                            "required": 0,
                            "remember": 0,
                            "multiple": false,
                            "remember_roles": {
                                "anonymous": 0,
                                "authenticated": 0,
                                "administrator": 0
                            }
                        },
                        "is_grouped": false
                    },
                    "type": {
                        "id": "type",
                        "table": "node",
                        "field": "type",
                        "relationship": "none",
                        "group_type": "group",
                        "ui_name": "",
                        "operator": "in",
                        "value": [],
                        "group": "1",
                        "exposed": true,
                        "expose": {
                            "operator_id": "type_op",
                            "label": "Type",
                            "description": "",
                            "use_operator": 0,
                            "operator": "type_op",
                            "identifier": "type",
                            "required": 0,
                            "remember": 0,
                            "multiple": 0,
                            "remember_roles": {
                                "anonymous": 0,
                                "authenticated": 0,
                                "administrator": 0
                            },
                            "reduce": 0
                        },
                        "is_grouped": false
                    },
                    "title": {
                        "id": "title",
                        "table": "node",
                        "field": "title",
                        "relationship": "none",
                        "group_type": "group",
                        "ui_name": "",
                        "operator": "word",
                        "value": "",
                        "group": "1",
                        "exposed": true,
                        "expose": {
                            "operator_id": "title_op",
                            "label": "Title contains",
                            "description": "",
                            "use_operator": 0,
                            "operator": "title_op",
                            "identifier": "title",
                            "required": 0,
                            "remember": 0,
                            "multiple": false,
                            "remember_roles": {
                                "anonymous": 0,
                                "authenticated": 0,
                                "administrator": 0
                            }
                        },
                        "is_grouped": false
                    },
                    "status_extra": {
                        "id": "status_extra",
                        "table": "node",
                        "field": "status_extra",
                        "relationship": "none",
                        "group_type": "group",
                        "ui_name": "",
                        "operator": "=",
                        "value": "",
                        "group": "1",
                        "exposed": false,
                        "is_grouped": false
                    }
                },
                "sorts": {
                    "changed": {
                        "id": "changed",
                        "table": "node",
                        "field": "changed",
                        "order": "DESC"
                    }
                },
                "title": "Content",
                "relationships": {
                    "uid": {
                        "id": "uid",
                        "table": "node",
                        "field": "uid",
                        "relationship": "none",
                        "group_type": "group",
                        "ui_name": "",
                        "label": "author",
                        "required": 0
                    }
                },
                "css_class": "node-admin-content",
                "empty": {
                    "area_text_custom": {
                        "id": "area_text_custom",
                        "table": "views",
                        "field": "area_text_custom",
                        "relationship": "none",
                        "group_type": "group",
                        "ui_name": "",
                        "label": "",
                        "empty": true,
                        "content": "No content found.",
                        "tokenize": 0
                    }
                },
                "style_options": {
                    "grouping": [],
                    "row_class": "",
                    "default_row_class": 1,
                    "row_class_special": 1,
                    "override": 1,
                    "sticky": 0,
                    "caption": "",
                    "summary": "",
                    "columns": {
                        "bulk_form": "bulk_form",
                        "title": "title",
                        "type": "type",
                        "name": "name",
                        "status": "status",
                        "changed": "changed",
                        "edit_node": "edit_node",
                        "delete_node": "delete_node",
                        "dropbutton": "dropbutton"
                    },
                    "info": {
                        "bulk_form": {
                            "align": "",
                            "separator": "",
                            "empty_column": 0
                        },
                        "title": {
                            "sortable": 1,
                            "default_sort_order": "asc",
                            "align": "",
                            "separator": "",
                            "empty_column": 0
                        },
                        "type": {
                            "sortable": 1,
                            "default_sort_order": "asc",
                            "align": "",
                            "separator": "",
                            "empty_column": 0
                        },
                        "name": {
                            "sortable": 1,
                            "default_sort_order": "asc",
                            "align": "",
                            "separator": "",
                            "empty_column": 0
                        },
                        "status": {
                            "sortable": 1,
                            "default_sort_order": "asc",
                            "align": "",
                            "separator": "",
                            "empty_column": 0
                        },
                        "changed": {
                            "sortable": 1,
                            "default_sort_order": "desc",
                            "align": "",
                            "separator": "",
                            "empty_column": 0
                        },
                        "edit_node": {
                            "align": "",
                            "separator": "",
                            "empty_column": 0
                        },
                        "delete_node": {
                            "align": "",
                            "separator": "",
                            "empty_column": 0
                        },
                        "dropbutton": {
                            "align": "",
                            "separator": "",
                            "empty_column": 0
                        }
                    },
                    "default": "changed",
                    "empty_table": 1
                }
            }
        },
        "page": {
            "display_title": "Page",
            "display_plugin": "page",
            "display_options": {
                "query": {
                    "type": "views_query",
                    "options": []
                },
                "path": "admin/content/node",
                "menu": {
                    "type": "default tab",
                    "title": "Manage content",
                    "description": "",
                    "name": "management",
                    "weight": "-1",
                    "context": 0,
                    "context_only_inline": 0
                },
                "tab_options": {
                    "type": "normal",
                    "title": "Content",
                    "description": "Find and manage content.",
                    "name": "management",
                    "weight": "-10"
                }
            }
        }
    }
}
