{
    "_config_name": "views.view.comments_recent",
    "name": "comments_recent",
    "description": "Contains a block and a page to list recent comments; the block will automatically link to the page, which displays the comment body as well as a link to the node.",
    "module": "views",
    "tag": "default",
    "disabled": true,
    "base_table": "comment",
    "human_name": "Recent comments",
    "core": 0,
    "display": {
        "default": {
            "display_title": "Master",
            "display_plugin": "default",
            "display_options": {
                "query": {
                    "type": "views_query",
                    "options": {
                        "query_comment": false
                    }
                },
                "title": "Recent comments",
                "use_more": true,
                "access": {
                    "type": "perm",
                    "perm": "access comments"
                },
                "cache": {
                    "type": "none"
                },
                "exposed_form": {
                    "type": "basic"
                },
                "pager": {
                    "type": "some",
                    "options": {
                        "items_per_page": 5
                    }
                },
                "style_plugin": "list",
                "row_plugin": "fields",
                "relationships": {
                    "nid": {
                        "id": "nid",
                        "table": "comment",
                        "field": "nid"
                    }
                },
                "fields": {
                    "subject": {
                        "id": "subject",
                        "table": "comment",
                        "field": "subject",
                        "label": "",
                        "link_to_comment": 1
                    },
                    "timestamp": {
                        "id": "timestamp",
                        "table": "comment",
                        "field": "changed",
                        "label": "",
                        "date_format": "time ago"
                    }
                },
                "sorts": {
                    "timestamp": {
                        "id": "timestamp",
                        "table": "comment",
                        "field": "changed",
                        "order": "DESC"
                    }
                },
                "filters": {
                    "status_extra": {
                        "id": "status_extra",
                        "table": "node",
                        "field": "status_extra",
                        "relationship": "nid",
                        "group": 0
                    }
                }
            }
        },
        "page": {
            "display_title": "Page",
            "display_plugin": "page",
            "display_options": {
                "query": {
                    "type": "views_query",
                    "options": []
                },
                "defaults": {
                    "style_plugin": false,
                    "style_options": false,
                    "row_plugin": false,
                    "row_options": false,
                    "fields": false
                },
                "style_plugin": "list",
                "row_plugin": "fields",
                "row_options": {
                    "inline": {
                        "title": "title",
                        "timestamp": "timestamp"
                    },
                    "separator": "&nbsp;"
                },
                "fields": {
                    "title": {
                        "id": "title",
                        "table": "node",
                        "field": "title",
                        "relationship": "nid",
                        "label": "Reply to",
                        "link_to_node": 1
                    },
                    "timestamp": {
                        "id": "timestamp",
                        "table": "comment",
                        "field": "changed",
                        "label": "",
                        "date_format": "time ago"
                    },
                    "subject": {
                        "id": "subject",
                        "table": "comment",
                        "field": "subject",
                        "label": "",
                        "link_to_comment": 1
                    },
                    "comment": {
                        "id": "comment",
                        "table": "field_data_comment_body",
                        "field": "comment_body",
                        "label": ""
                    }
                },
                "path": "comments/recent"
            }
        },
        "block": {
            "display_title": "Block",
            "display_plugin": "block",
            "display_options": {
                "query": {
                    "type": "views_query",
                    "options": []
                }
            }
        }
    }
}
