{
    "_config_name": "views.view.promoted",
    "name": "promoted",
    "description": "Provides a list of promoted content. Used by default on the front page.",
    "module": "views",
    "storage": 4,
    "tag": "default",
    "disabled": false,
    "base_table": "node",
    "human_name": "Promoted content",
    "core": 0,
    "display": {
        "default": {
            "display_title": "Master",
            "display_plugin": "default",
            "display_options": {
                "query": {
                    "type": "views_query",
                    "options": {
                        "query_comment": false
                    }
                },
                "access": {
                    "type": "perm",
                    "perm": "access content"
                },
                "cache": {
                    "type": "none"
                },
                "exposed_form": {
                    "type": "basic"
                },
                "pager": {
                    "type": "full"
                },
                "style_plugin": "default",
                "row_plugin": "node",
                "row_options": {
                    "links": 1
                },
                "sorts": {
                    "sticky": {
                        "id": "sticky",
                        "table": "node",
                        "field": "sticky",
                        "order": "DESC"
                    },
                    "created": {
                        "id": "created",
                        "table": "node",
                        "field": "created",
                        "order": "DESC"
                    }
                },
                "filters": {
                    "promote": {
                        "id": "promote",
                        "table": "node",
                        "field": "promote",
                        "value": "1",
                        "group": 0,
                        "expose": {
                            "operator": false
                        }
                    },
                    "status": {
                        "id": "status",
                        "table": "node",
                        "field": "status",
                        "value": "1",
                        "group": 0,
                        "expose": {
                            "operator": false
                        }
                    }
                },
                "empty": {
                    "area": {
                        "id": "area",
                        "table": "views",
                        "field": "area",
                        "relationship": "none",
                        "group_type": "group",
                        "ui_name": "",
                        "label": "",
                        "empty": true,
                        "content": "<p>No content has been promoted yet.</p>\n",
                        "format": "filtered_html",
                        "tokenize": 0
                    }
                },
                "style_options": {
                    "row_class": "",
                    "default_row_class": 0,
                    "row_class_special": 0,
                    "uses_fields": 0
                }
            }
        },
        "block": {
            "display_title": "Block",
            "display_plugin": "block",
            "display_options": {
                "query": {
                    "type": "views_query",
                    "options": []
                },
                "block_description": "Promoted content"
            }
        },
        "feed": {
            "display_title": "Feed",
            "display_plugin": "feed",
            "display_options": {
                "query": {
                    "type": "views_query",
                    "options": []
                },
                "defaults": {
                    "title": false
                },
                "title": "Front page feed",
                "pager": {
                    "type": "some"
                },
                "style_plugin": "rss",
                "row_plugin": "node_rss",
                "path": "rss.xml",
                "displays": {
                    "default": "default",
                    "block": "block"
                },
                "sitename_title": "1",
                "row_options": {
                    "relationship": "none",
                    "item_length": "rss",
                    "links": 0
                },
                "style_options": {
                    "uses_fields": 0,
                    "description": "",
                    "icon": 0
                }
            }
        }
    }
}
